{
	"name": "response-times",
	"title": "Response Times",
	"description": "Server http response time display in player list for user/client",
	"version": "1.0.1",
	"author": "tenuki#5050",
	"authors": [
		{
			"name": "",
			"email": "",
			"url": ""
		}
	],
	"scripts": [
		"lib/Chart.bundle.js"
	],
	"esmodules": [
		"foundry-ping-times.js"
	],
	"styles": [
		"foundry-ping-times.css",
		"lib/Chart.css"
	],
	"packs": [],
	"languages": [],
	"socket": true,
	"minimumCoreVersion": "0.6.4",
	"compatibleCoreVersion": "0.7.2",
	"url": "https://gitlab.com/tenuki.igo/foundryvtt-ping-times",
	"manifest": "https://gitlab.com/tenuki.igo/foundryvtt-ping-times/-/raw/master/dist/module.json",
	"download": "https://gitlab.com/tenuki.igo/foundryvtt-ping-times/-/raw/v1.0.1/package/response-times-v1.0.1.zip",
	"license": "",
	"readme": "",
	"bugs": "",
	"changelog": ""
}