{
	"name": "response-times",
	"title": "Response Times",
	"description": "Server http response time display in player list for user/client",
	"version": "2.0.0",
	"author": "mawburn7@gmail.com",
	"authors": [
		{
			"name": "hypnoCode",
			"email": "mawburn7@gmail.com",
			"url": "mawburn.com"
		}
	],
	"scripts": [
		"lib/Chart.bundle.js"
	],
	"esmodules": [
		"foundry-ping-times.js"
	],
	"styles": [
		"foundry-ping-times.css",
		"lib/Chart.css"
	],
	"packs": [],
	"languages": [],
	"socket": true,
	"minimumCoreVersion": "0.6.4",
	"compatibleCoreVersion": "0.7.9",
	"url": "https://github.com/mawburn/foundry-response-times",
	"manifest": "",
	"download": "",
	"license": "",
	"readme": "",
	"bugs": "",
	"changelog": ""
}